Engins agricoles et forestiers;Conduite d'engins agricoles et forestiers
Espaces naturels et espaces verts;Bûcheronnage et élagage
Espaces naturels et espaces verts;Entretien des espaces naturels
Espaces naturels et espaces verts;Aménagement et entretien des espaces verts
Espaces naturels et espaces verts;Protection du patrimoine naturel
Espaces naturels et espaces verts;Sylviculture
Etudes et assistance technique;Conseil et assistance technique en agriculture
Etudes et assistance technique;Contrôle et diagnostic technique en agriculture
Etudes et assistance technique;Ingénierie en agriculture et environnement naturel
Production;Aide agricole de production fruitière ou viticole
Production;Aide agricole de production légumière ou végétale
Production;Aide d'élevage agricole et aquacole
Production;Aquaculture
Production;Arboriculture et viticulture
Production;Encadrement équipage de la pêche
Production;Élevage bovin ou équin
Production;Élevage d'animaux sauvages ou de compagnie
Production;Élevage de lapins et volailles
Production;Élevage ovin ou caprin
Production;Élevage porcin
Production;Fabrication et affinage de fromages
Production;Fermentation de boissons alcoolisées
Production;Horticulture et maraîchage
Production;Équipage de la pêche
Production;Polyculture, élevage
Production;Saliculture
Soins aux animaux;Aide aux soins animaux
Soins aux animaux;Podologie animale
Soins aux animaux;Toilettage des animaux
Soins aux animaux;Santé animale
Arts plastiques;Création en arts plastiques
Céramique;Réalisation d'objets décoratifs et utilitaires en céramique et matériaux de synthèse
Décoration;Décoration d'espaces de vente et d'exposition
Décoration;Décoration d'objets d'art et artisanaux
Décoration;Gravure - ciselure
Fibres et papier;Réalisation d'objets en lianes, fibres et brins végétaux
Fibres et papier;Reliure et restauration de livres et archives
Instruments de musique;Fabrication et réparation d'instruments de musique
Métal, verre, bijouterie et horlogerie;Métallerie d'art
Métal, verre, bijouterie et horlogerie;Réalisation d'objets artistiques et fonctionnels en verre
Métal, verre, bijouterie et horlogerie;Réalisation d'ouvrages en bijouterie, joaillerie et orfèvrerie
Métal, verre, bijouterie et horlogerie;Réparation - montage en systèmes horlogers
Taxidermie;Conservation et reconstitution d'espèces animales
Tissu et cuirs;Réalisation d'articles de chapellerie
Tissu et cuirs;Réalisation d'articles en cuir et matériaux souples (hors vêtement)
Tissu et cuirs;Réalisation de vêtements sur mesure ou en petite série
Tissu et cuirs;Réalisation d'ouvrages d'art en fils
Tissu et cuirs;Stylisme
Tissu et cuirs;Tapisserie - décoration en ameublement
Assurance;Conception - développement produits d'assurances
Assurance;Conseil clientèle en assurances
Assurance;Courtage en assurances
Assurance;Direction d'exploitation en assurances
Assurance;Études actuarielles en assurances
Assurance;Expertise risques en assurances
Assurance;Indemnisations en assurances
Assurance;Management de groupe et de service en assurances
Assurance;Rédaction et gestion en assurances
Assurance;Souscription d'assurances
Banque;Accueil et services bancaires
Banque;Analyse de crédits et risques bancaires
Banque;Relation clients banque/finance
Banque;Conception et expertise produits bancaires et financiers
Banque;Conseil en gestion de patrimoine financier
Banque;Gestion de clientèle bancaire
Banque;Management en exploitation bancaire
Finance;Front office marchés financiers
Finance;Gestion back et middle-office marchés financiers
Finance;Gestion de portefeuilles sur les marchés financiers
Gestion administrative banque et assurances;Gestion en banque et assurance
Immobilier;Gérance immobilière
Immobilier;Gestion locative immobilière
Immobilier;Management de projet immobilier
Immobilier;Transaction immobilière
Commerce alimentaire et métiers de bouche;Boucherie
Commerce alimentaire et métiers de bouche;Boulangerie - viennoiserie
Commerce alimentaire et métiers de bouche;Charcuterie - traiteur
Commerce alimentaire et métiers de bouche;Pâtisserie, confiserie, chocolaterie et glacerie
Commerce alimentaire et métiers de bouche;Poissonnerie
Commerce alimentaire et métiers de bouche;Vente en alimentation
Commerce alimentaire et métiers de bouche;Vente en gros de produits frais
Commerce non alimentaire et de prestations de confort;Achat vente d'objets d'art, anciens ou d'occasion
Commerce non alimentaire et de prestations de confort;Coiffure
Commerce non alimentaire et de prestations de confort;Hydrothérapie
Commerce non alimentaire et de prestations de confort;Location de véhicules ou de matériel de loisirs
Commerce non alimentaire et de prestations de confort;Nettoyage d'articles textiles ou cuirs
Commerce non alimentaire et de prestations de confort;Réparation d'articles en cuir et matériaux souples
Commerce non alimentaire et de prestations de confort;Retouches en habillement
Commerce non alimentaire et de prestations de confort;Soins esthétiques et corporels
Commerce non alimentaire et de prestations de confort;Vente de végétaux
Commerce non alimentaire et de prestations de confort;Vente en animalerie
Commerce non alimentaire et de prestations de confort;Vente en articles de sport et loisirs
Commerce non alimentaire et de prestations de confort;Vente en décoration et équipement du foyer
Commerce non alimentaire et de prestations de confort;Vente en gros de matériel et équipement
Commerce non alimentaire et de prestations de confort;Vente en habillement et accessoires de la personne
Direction de magasin de détail;Management de magasin de détail
Force de vente;Assistanat commercial
Force de vente;Relation commerciale grands comptes et entreprises
Force de vente;Relation commerciale auprès de particuliers
Force de vente;Relation commerciale en vente de véhicules
Force de vente;Conseil en information médicale
Force de vente;Management en force de vente
Force de vente;Relation technico-commerciale
Force de vente;Téléconseil et télévente
Grande distribution;Animation de vente
Grande distribution;Management/gestion de rayon produits alimentaires
Grande distribution;Management/gestion de rayon produits non alimentaires
Grande distribution;Direction de magasin de grande distribution
Grande distribution;Personnel de caisse
Grande distribution;Marchandisage
Grande distribution;Mise en rayon libre-service
Grande distribution;Encadrement du personnel de caisses
Grande distribution;Management de département en grande distribution
Edition et communication;Animation de site multimédia
Edition et communication;Écriture d'ouvrages, de livres
Edition et communication;Communication
Edition et communication;Conception de contenus multimédias
Edition et communication;Coordination d'édition
Edition et communication;Journalisme et information média
Edition et communication;Organisation d'évènementiel
Edition et communication;Traduction, interprétariat
Images et sons;Photographie
Images et sons;Production en laboratoire cinématographique
Images et sons;Production en laboratoire photographique
Images et sons;Projection cinéma
Images et sons;Réalisation de contenus multimédias
Industries graphiques;Conduite de machines d'impression
Industries graphiques;Conduite de machines de façonnage routage
Industries graphiques;Encadrement des industries graphiques
Industries graphiques;Façonnage et routage
Industries graphiques;Préparation et correction en édition et presse
Industries graphiques;Prépresse
Industries graphiques;Reprographie
Industries graphiques;Intervention technique en industrie graphique
Publicité;Développement et promotion publicitaire
Publicité;Élaboration de plan média
Conception et études;Architecture du BTP et du paysage
Conception et études;Conception - aménagement d'espaces intérieurs
Conception et études;Contrôle et diagnostic technique du bâtiment
Conception et études;Dessin BTP et paysage
Conception et études;Études géologiques
Conception et études;Ingénierie et études du BTP
Conception et études;Mesures topographiques
Conception et études;Métré de la construction
Conduite et encadrement de chantier - travaux;Conduite de travaux du BTP et de travaux paysagers
Conduite et encadrement de chantier - travaux;Direction de chantier du BTP
Conduite et encadrement de chantier - travaux;Direction et ingénierie d'exploitation de gisements et de carrières
Conduite et encadrement de chantier - travaux;Qualité Sécurité Environnement et protection santé du BTP
Engins de chantier;Conduite de grue
Engins de chantier;Conduite d'engins de terrassement et de carrière
Extraction;Extraction liquide et gazeuse
Extraction;Extraction solide
Montage de structures;Montage de structures et de charpentes bois
Montage de structures;Montage de structures métalliques
Montage de structures;Réalisation - installation d'ossatures bois
Second oeuvre;Application et décoration en plâtre, stuc et staff
Second oeuvre;Électricité bâtiment
Second oeuvre;Installation d'équipements sanitaires et thermiques
Second oeuvre;Montage d'agencements
Second oeuvre;Montage de réseaux électriques et télécoms
Second oeuvre;Peinture en bâtiment
Second oeuvre;Pose de fermetures menuisées
Second oeuvre;Pose de revêtements rigides
Second oeuvre;Pose de revêtements souples
Second oeuvre;Pose et restauration de couvertures
Second oeuvre;Réalisation et restauration de façades
Second oeuvre;Taille et décoration de pierres
Second oeuvre;Travaux d'étanchéité et d'isolation
Travaux et gros oeuvre;Construction en béton
Travaux et gros oeuvre;Construction de routes et voies
Travaux et gros oeuvre;Maçonnerie
Travaux et gros oeuvre;Préparation du gros oeuvre et des travaux publics
Travaux et gros oeuvre;Pose de canalisations
Travaux et gros oeuvre;Préfabrication en béton industriel
Accueil et promotion touristique;Accueil touristique
Accueil et promotion touristique;Promotion du tourisme local
Animation d'activités de loisirs;Accompagnement de voyages, d'activités culturelles ou sportives
Animation d'activités de loisirs;Animation d'activités culturelles ou ludiques
Animation d'activités de loisirs;Animation de loisirs auprès d'enfants ou d'adolescents
Animation d'activités de loisirs;Éducation en activités sportives
Animation d'activités de loisirs;Personnel d'attractions ou de structures de loisirs
Animation d'activités de loisirs;Personnel technique des jeux
Conception, commercialisation et vente de produits touristiques;Conception de produits touristiques
Conception, commercialisation et vente de produits touristiques;Optimisation de produits touristiques
Conception, commercialisation et vente de produits touristiques;Vente de voyages
Gestion et direction;Assistance de direction d'hôtel-restaurant
Gestion et direction;Management d'hôtel-restaurant
Gestion et direction;Gestion de structure de loisirs ou d'hébergement touristique
Gestion et direction;Management d'établissement de restauration collective
Personnel d'étage en hôtellerie;Personnel d'étage
Personnel d'étage en hôtellerie;Personnel polyvalent d'hôtellerie
Personnel d'étage en hôtellerie;Management du personnel d'étage
Production culinaire;Management du personnel de cuisine
Production culinaire;Personnel de cuisine
Production culinaire;Personnel polyvalent en restauration
Production culinaire;Fabrication de crêpes ou pizzas
Production culinaire;Plonge en restauration
Accueil en hôtellerie;Conciergerie en hôtellerie
Accueil en hôtellerie;Personnel du hall
Accueil en hôtellerie;Réception en hôtellerie
Service;Café, bar brasserie
Service;Management du service en restauration
Service;Service en restauration
Service;Sommellerie
Affaires et support technique client;Assistance et support technique client
Affaires et support technique client;Management et ingénierie d'affaires
Conception, recherche, études et développement;Expertise technique couleur en industrie
Conception, recherche, études et développement;Conception et dessin de produits électriques et électroniques
Conception, recherche, études et développement;Conception et dessin produits mécaniques
Conception, recherche, études et développement;Design industriel
Conception, recherche, études et développement;Études - modèles en industrie des matériaux souples
Conception, recherche, études et développement;Management et ingénierie études, recherche et développement industriel
Conception, recherche, études et développement;Rédaction technique
Conception, recherche, études et développement;Intervention technique en études et conception en automatisme
Conception, recherche, études et développement;Intervention technique en études et développement électronique
Conception, recherche, études et développement;Intervention technique en études, recherche et développement
Hygiène Sécurité Environnement -HSE- industriels;Inspection de conformité
Hygiène Sécurité Environnement -HSE- industriels;Management et ingénierie Hygiène Sécurité Environnement -HSE- industriels
Hygiène Sécurité Environnement -HSE- industriels;Intervention technique en Hygiène Sécurité Environnement -HSE- industriel
Méthodes et gestion industrielles;Management et ingénierie gestion industrielle et logistique
Méthodes et gestion industrielles;Management et ingénierie méthodes et industrialisation
Méthodes et gestion industrielles;Intervention technique en gestion industrielle et logistique
Méthodes et gestion industrielles;Intervention technique en méthodes et industrialisation
Qualité et analyses industrielles;Direction de laboratoire d'analyse industrielle
Qualité et analyses industrielles;Management et ingénierie qualité industrielle
Qualité et analyses industrielles;Intervention technique en laboratoire d'analyse industrielle
Qualité et analyses industrielles;Intervention technique en contrôle essai qualité en électricité et électronique
Qualité et analyses industrielles;Intervention technique en formulation et analyse sensorielle
Qualité et analyses industrielles;Intervention technique qualité en mécanique et travail des métaux
Alimentaire;Abattage et découpe des viandes
Alimentaire;Conduite d'équipement de production alimentaire
Bois;Assemblage d'ouvrages en bois
Bois;Conduite d'équipement de fabrication de l'ameublement et du bois
Bois;Conduite d'installation de production de panneaux bois
Bois;Encadrement des industries de l'ameublement et du bois
Bois;Première transformation de bois d'oeuvre
Bois;Réalisation de menuiserie bois et tonnellerie
Bois;Réalisation de meubles en bois
Bois;Réalisation d'ouvrages décoratifs en bois
Bois;Intervention technique en ameublement et bois
Chimie et pharmacie;Conduite d'équipement de production chimique ou pharmaceutique
Cuir et textile;Assemblage - montage d'articles en cuirs, peaux
Cuir et textile;Assemblage - montage de vêtements et produits textiles
Cuir et textile;Conduite de machine de fabrication de produits textiles
Cuir et textile;Conduite de machine de production et transformation des fils
Cuir et textile;Conduite de machine de textiles nontissés
Cuir et textile;Conduite de machine de traitement textile
Cuir et textile;Conduite de machine de transformation et de finition des cuirs et peaux
Cuir et textile;Conduite de machine d'impression textile
Cuir et textile;Coupe cuir, textile et matériaux souples
Cuir et textile;Mise en forme, repassage et finitions en industrie textile
Cuir et textile;Montage de prototype cuir et matériaux souples
Cuir et textile;Patronnage - gradation
Cuir et textile;Préparation de fils, montage de métiers textiles
Cuir et textile;Préparation et finition d'articles en cuir et matériaux souples
Cuir et textile;Contrôle en industrie du cuir et du textile
Direction, encadrement et pilotage de fabrication et production industrielles;Encadrement de production de matériel électrique et électronique
Direction, encadrement et pilotage de fabrication et production industrielles;Management et ingénierie de production
Direction, encadrement et pilotage de fabrication et production industrielles;Pilotage d'unité élémentaire de production mécanique ou de travail des métaux
Direction, encadrement et pilotage de fabrication et production industrielles;Encadrement d'équipe en industrie de transformation
Direction, encadrement et pilotage de fabrication et production industrielles;Encadrement d'équipe ou d'atelier en matériaux souples
Electronique et électricité;Bobinage électrique
Electronique et électricité;Câblage électrique et électromécanique
Electronique et électricité;Conduite d'installation automatisée de production électrique, électronique et microélectronique
Electronique et électricité;Montage de produits électriques et électroniques
Electronique et électricité;Montage et câblage électronique
Energie;Pilotage d'installation énergétique et pétrochimique
Matériaux de construction, céramique et verre;Conduite d'équipement de transformation du verre
Matériaux de construction, céramique et verre;Conduite d'installation de production de matériaux de construction
Matériaux de construction, céramique et verre;Façonnage et émaillage en industrie céramique
Matériaux de construction, céramique et verre;Pilotage de centrale à béton prêt à l'emploi, ciment, enrobés et granulats
Matériaux de construction, céramique et verre;Pilotage d'installation de production verrière
Mécanique, travail des métaux et outillage;Ajustement et montage de fabrication
Mécanique, travail des métaux et outillage;Chaudronnerie - tôlerie
Mécanique, travail des métaux et outillage;Conduite d'équipement d'usinage
Mécanique, travail des métaux et outillage;Conduite d'équipement de déformation des métaux
Mécanique, travail des métaux et outillage;Conduite d'équipement de formage et découpage des matériaux
Mécanique, travail des métaux et outillage;Conduite d'installation automatisée ou robotisée de fabrication mécanique
Mécanique, travail des métaux et outillage;Conduite d'installation de production des métaux
Mécanique, travail des métaux et outillage;Modelage de matériaux non métalliques
Mécanique, travail des métaux et outillage;Montage-assemblage mécanique
Mécanique, travail des métaux et outillage;Moulage sable
Mécanique, travail des métaux et outillage;Réalisation de structures métalliques
Mécanique, travail des métaux et outillage;Réglage d'équipement de production industrielle
Mécanique, travail des métaux et outillage;Soudage manuel
Mécanique, travail des métaux et outillage;Réalisation et montage en tuyauterie
Papier et carton;Conduite d'équipement de fabrication de papier ou de carton
Papier et carton;Conduite d'installation de pâte à papier
Plastique, caoutchouc;Conduite d'équipement de formage des plastiques et caoutchoucs
Plastique, caoutchouc;Réglage d'équipement de formage des plastiques et caoutchoucs
Plastique, caoutchouc;Fabrication de pièces en matériaux composites
Préparation et conditionnement;Conduite d'équipement de conditionnement
Préparation et conditionnement;Opérations manuelles d'assemblage, tri ou emballage
Préparation et conditionnement;Préparation de matières et produits industriels (broyage, mélange, ...)
Traitements thermiques et traitements de surfaces;Conduite de traitement d'abrasion de surface
Traitements thermiques et traitements de surfaces;Conduite de traitement par dépôt de surface
Traitements thermiques et traitements de surfaces;Conduite de traitement thermique
Traitements thermiques et traitements de surfaces;Peinture industrielle
Encadrement;Direction et ingénierie en entretien infrastructure et bâti
Encadrement;Management et ingénierie de maintenance industrielle
Encadrement;Supervision d'entretien et gestion de véhicules
Entretien technique;Entretien d'affichage et mobilier urbain
Entretien technique;Entretien et surveillance du tracé routier
Entretien technique;Maintenance des bâtiments et des locaux
Equipements de production, équipements collectifs;Installation et maintenance d'ascenseurs
Equipements de production, équipements collectifs;Installation et maintenance d'automatismes
Equipements de production, équipements collectifs;Installation et maintenance de distributeurs automatiques
Equipements de production, équipements collectifs;Installation et maintenance d'équipements industriels et d'exploitation
Equipements de production, équipements collectifs;Installation et maintenance électronique
Equipements de production, équipements collectifs;Installation et maintenance en froid, conditionnement d'air
Equipements de production, équipements collectifs;Installation et maintenance télécoms et courants faibles
Equipements de production, équipements collectifs;Maintenance d'installation de chauffage
Equipements de production, équipements collectifs;Maintenance électrique
Equipements de production, équipements collectifs;Maintenance mécanique industrielle
Equipements domestiques et informatique;Maintenance informatique et bureautique
Equipements domestiques et informatique;Réparation de biens électrodomestiques et multimédia
Travaux d'accès difficile;Intervention en grande hauteur
Travaux d'accès difficile;Intervention en milieu subaquatique
Travaux d'accès difficile;Intervention en milieux et produits nocifs
Véhicules, engins, aéronefs;Installation et maintenance en nautisme
Véhicules, engins, aéronefs;Maintenance d'aéronefs
Véhicules, engins, aéronefs;Maintenance d'engins de chantier, levage, manutention et de machines agricoles
Véhicules, engins, aéronefs;Mécanique automobile et entretien de véhicules
Véhicules, engins, aéronefs;Mécanique de marine
Véhicules, engins, aéronefs;Réparation de carrosserie
Véhicules, engins, aéronefs;Réparation de cycles, motocycles et motoculteurs de loisirs
Praticiens médicaux;Médecine de prévention
Praticiens médicaux;Médecine généraliste et spécialisée
Praticiens médicaux;Médecine dentaire
Praticiens médicaux;Suivi de la grossesse et de l'accouchement
Praticiens médico-techniques;Biologie médicale
Praticiens médico-techniques;Pharmacie
Professionnels médico-techniques;Personnel polyvalent des services hospitaliers
Professionnels médico-techniques;Analyses médicales
Professionnels médico-techniques;Assistance médico-technique
Professionnels médico-techniques;Aide en puériculture
Professionnels médico-techniques;Conduite de véhicules sanitaires
Professionnels médico-techniques;Imagerie médicale
Professionnels médico-techniques;Préparation en pharmacie
Rééducation et appareillage;Audioprothèses
Rééducation et appareillage;Diététique
Rééducation et appareillage;Ergothérapie
Rééducation et appareillage;Kinésithérapie
Rééducation et appareillage;Optique - lunetterie
Rééducation et appareillage;Orthophonie
Rééducation et appareillage;Orthoptique
Rééducation et appareillage;Ostéopathie et chiropraxie
Rééducation et appareillage;Pédicurie et podologie
Rééducation et appareillage;Prothèses dentaires
Rééducation et appareillage;Prothèses et orthèses
Rééducation et appareillage;Rééducation en psychomotricité
Soins paramédicaux;Soins d'hygiène, de confort du patient
Soins paramédicaux;Coordination de services médicaux ou paramédicaux
Soins paramédicaux;Soins infirmiers spécialisés en anesthésie
Soins paramédicaux;Soins infirmiers spécialisés en bloc opératoire
Soins paramédicaux;Soins infirmiers spécialisés en prévention
Soins paramédicaux;Soins infirmiers généralistes
Soins paramédicaux;Soins infirmiers spécialisés en puériculture
Accompagnement de la personne;Accompagnement et médiation familiale
Accompagnement de la personne;Aide aux bénéficiaires d'une mesure de protection juridique
Accompagnement de la personne;Développement personnel et bien-être de la personne
Accompagnement de la personne;Psychologie
Action sociale, socio-éducative et socio-culturelle;Action sociale
Action sociale, socio-éducative et socio-culturelle;Éducation de jeunes enfants
Action sociale, socio-éducative et socio-culturelle;Encadrement technique en insertion professionnelle
Action sociale, socio-éducative et socio-culturelle;Médiation sociale et facilitation de la vie en société
Action sociale, socio-éducative et socio-culturelle;Information sociale
Action sociale, socio-éducative et socio-culturelle;Intervention socioculturelle
Action sociale, socio-éducative et socio-culturelle;Intervention socioéducative
Aide à la vie quotidienne;Accompagnement médicosocial
Aide à la vie quotidienne;Assistance auprès d'adultes
Aide à la vie quotidienne;Assistance auprès d'enfants
Aide à la vie quotidienne;Services domestiques
Aide à la vie quotidienne;Intervention sociale et familiale
Conception et mise en oeuvre des politiques publiques;Conception et pilotage de la politique des pouvoirs publics
Conception et mise en oeuvre des politiques publiques;Conseil en Santé Publique
Conception et mise en oeuvre des politiques publiques;Management de structure de santé, sociale ou pénitentiaire
Conception et mise en oeuvre des politiques publiques;Mise en oeuvre et pilotage de la politique des pouvoirs publics
Conception et mise en oeuvre des politiques publiques;Représentation de l'État sur le territoire national ou international
Contrôle public;Application des règles financières publiques
Contrôle public;Contrôle et inspection des Affaires Sociales
Contrôle public;Contrôle et inspection des impôts
Contrôle public;Contrôle et inspection du Trésor Public
Contrôle public;Protection des consommateurs et contrôle des échanges commerciaux
Culture et gestion documentaire;Gestion de l'information et de la documentation
Culture et gestion documentaire;Gestion de patrimoine culturel
Défense, sécurité publique et secours;Personnel de la Défense
Défense, sécurité publique et secours;Direction de la sécurité civile et des secours
Défense, sécurité publique et secours;Direction opérationnelle de la défense
Défense, sécurité publique et secours;Management de la sécurité publique
Défense, sécurité publique et secours;Sécurité civile et secours
Défense, sécurité publique et secours;Sécurité publique
Défense, sécurité publique et secours;Surveillance municipale
Développement territorial et emploi;Conseil en emploi et insertion socioprofessionnelle
Développement territorial et emploi;Développement local
Droit;Aide et médiation judiciaire
Droit;Collaboration juridique
Droit;Défense et conseil juridique
Droit;Magistrature
Formation initiale et continue;Conseil en formation
Formation initiale et continue;Coordination pédagogique
Formation initiale et continue;Direction d'établissement et d'enseignement
Formation initiale et continue;Éducation et surveillance au sein d'établissements d'enseignement
Formation initiale et continue;Enseignement artistique
Formation initiale et continue;Enseignement des écoles
Formation initiale et continue;Enseignement général du second degré
Formation initiale et continue;Enseignement supérieur
Formation initiale et continue;Enseignement technique et professionnel
Formation initiale et continue;Formation en conduite de véhicules
Formation initiale et continue;Formation professionnelle
Formation initiale et continue;Orientation scolaire et professionnelle
Nettoyage et propreté industriels;Blanchisserie industrielle
Nettoyage et propreté industriels;Lavage de vitres
Nettoyage et propreté industriels;Management et inspection en propreté de locaux
Nettoyage et propreté industriels;Nettoyage de locaux
Propreté et environnement urbain;Distribution et assainissement d'eau
Propreté et environnement urbain;Management et inspection en environnement urbain
Propreté et environnement urbain;Nettoyage des espaces urbains
Propreté et environnement urbain;Revalorisation de produits industriels
Propreté et environnement urbain;Salubrité et traitement de nuisibles
Propreté et environnement urbain;Supervision d'exploitation éco-industrielle
Recherche;Recherche en sciences de l'homme et de la société
Recherche;Recherche en sciences de l'univers, de la matière et du vivant
Sécurité privée;Gardiennage de locaux
Sécurité privée;Management de sécurité privée
Sécurité privée;Sécurité et surveillance privées
Services funéraires;Conduite d'opérations funéraires
Services funéraires;Conseil en services funéraires
Services funéraires;Thanatopraxie
Animation de spectacles;Animation musicale et scénique
Animation de spectacles;Mannequinat et pose artistique
Animation de spectacles;Présentation de spectacles ou d'émissions
Artistes - interprètes du spectacle;Danse
Artistes - interprètes du spectacle;Musique et chant
Artistes - interprètes du spectacle;Art dramatique
Artistes - interprètes du spectacle;Arts du cirque et arts visuels
Conception et production de spectacles;Mise en scène de spectacles vivants
Conception et production de spectacles;Production et administration spectacle, cinéma et audiovisuel
Conception et production de spectacles;Promotion d'artistes et de spectacles
Conception et production de spectacles;Réalisation cinématographique et audiovisuelle
Sport professionnel;Sportif professionnel
Techniciens du spectacle;Coiffure et maquillage spectacle
Techniciens du spectacle;Costume et habillage spectacle
Techniciens du spectacle;Décor et accessoires spectacle
Techniciens du spectacle;Éclairage spectacle
Techniciens du spectacle;Image cinématographique et télévisuelle
Techniciens du spectacle;Machinerie spectacle
Techniciens du spectacle;Montage audiovisuel et post-production
Techniciens du spectacle;Prise de son et sonorisation
Techniciens du spectacle;Régie générale
Techniciens du spectacle;Films d'animation et effets spéciaux
Achats;Achats
Achats;Direction des achats
Comptabilité et gestion;Analyse et ingénierie financière
Comptabilité et gestion;Audit et contrôle comptables et financiers
Comptabilité et gestion;Comptabilité
Comptabilité et gestion;Contrôle de gestion
Comptabilité et gestion;Direction administrative et financière
Comptabilité et gestion;Management de groupe ou de service comptable
Comptabilité et gestion;Trésorerie et financement
Direction d'entreprise;Direction de grande entreprise ou d'établissement public
Direction d'entreprise;Direction de petite ou moyenne entreprise
Organisation et études;Conduite d'enquêtes
Organisation et études;Conseil en organisation et management d'entreprise
Organisation et études;Études et prospectives socio-économiques
Organisation et études;Management et gestion d'enquêtes
Ressources humaines;Assistanat en ressources humaines
Ressources humaines;Développement des ressources humaines
Ressources humaines;Management des ressources humaines
Secrétariat et assistance;Accueil et renseignements
Secrétariat et assistance;Opérations administratives
Secrétariat et assistance;Distribution de documents
Secrétariat et assistance;Assistanat de direction
Secrétariat et assistance;Assistanat technique et administratif
Secrétariat et assistance;Saisie de données
Secrétariat et assistance;Secrétariat
Secrétariat et assistance;Secrétariat comptable
Secrétariat et assistance;Secrétariat et assistanat médical ou médico-social
Stratégie commerciale, marketing et supervision des ventes;Administration des ventes
Stratégie commerciale, marketing et supervision des ventes;Analyse de tendance
Stratégie commerciale, marketing et supervision des ventes;Management et gestion de produit
Stratégie commerciale, marketing et supervision des ventes;Management relation clientèle
Stratégie commerciale, marketing et supervision des ventes;Marketing
Stratégie commerciale, marketing et supervision des ventes;Promotion des ventes
Stratégie commerciale, marketing et supervision des ventes;Stratégie commerciale
Systèmes d'information et de télécommunication;Administration de systèmes d'information
Systèmes d'information et de télécommunication;Expertise et support en systèmes d'information
Systèmes d'information et de télécommunication;Direction des systèmes d'information
Systèmes d'information et de télécommunication;Études et développement de réseaux de télécoms
Systèmes d'information et de télécommunication;Études et développement informatique
Systèmes d'information et de télécommunication;Conseil et maîtrise d'ouvrage en systèmes d'information
Systèmes d'information et de télécommunication;Exploitation de systèmes de communication et de commandement
Systèmes d'information et de télécommunication;Information géographique
Systèmes d'information et de télécommunication;Information météorologique
Systèmes d'information et de télécommunication;Production et exploitation de systèmes d'information
Magasinage, manutention des charges et déménagement;Conduite d'engins de déplacement des charges
Magasinage, manutention des charges et déménagement;Déménagement
Magasinage, manutention des charges et déménagement;Magasinage et préparation de commandes
Magasinage, manutention des charges et déménagement;Manoeuvre et conduite d'engins lourds de manutention
Magasinage, manutention des charges et déménagement;Manutention manuelle de charges
Organisation de la circulation des marchandises;Affrètement transport
Organisation de la circulation des marchandises;Gestion des opérations de circulation internationale des marchandises
Personnel d'encadrement de la logistique;Conception et organisation de la chaîne logistique
Personnel d'encadrement de la logistique;Direction de site logistique
Personnel d'encadrement de la logistique;Intervention technique d'exploitation logistique
Personnel navigant du transport aérien;Navigation commerciale aérienne
Personnel navigant du transport aérien;Pilotage et navigation technique aérienne
Personnel sédentaire du transport aérien;Personnel d'escale aéroportuaire
Personnel sédentaire du transport aérien;Contrôle de la navigation aérienne
Personnel sédentaire du transport aérien;Exploitation des pistes aéroportuaires
Personnel sédentaire du transport aérien;Préparation des vols
Personnel sédentaire du transport aérien;Direction d'escale et exploitation aéroportuaire
Personnel navigant du transport maritime et fluvial;Encadrement de la navigation maritime
Personnel navigant du transport maritime et fluvial;Équipage de la navigation maritime
Personnel navigant du transport maritime et fluvial;Navigation fluviale
Personnel sédentaire du transport maritime et fluvial;Exploitation des opérations portuaires et du transport maritime
Personnel sédentaire du transport maritime et fluvial;Exploitation du transport fluvial
Personnel sédentaire du transport maritime et fluvial;Manutention portuaire
Personnel de conduite du transport routier;Conduite de transport de marchandises sur longue distance
Personnel de conduite du transport routier;Conduite de transport de particuliers
Personnel de conduite du transport routier;Conduite de transport en commun sur route
Personnel de conduite du transport routier;Courses et livraisons express
Personnel de conduite du transport routier;Conduite et livraison par tournées sur courte distance
Personnel d'encadrement du transport routier;Direction d'exploitation des transports routiers de marchandises
Personnel d'encadrement du transport routier;Direction d'exploitation des transports routiers de personnes
Personnel d'encadrement du transport routier;Intervention technique d'exploitation des transports routiers de marchandises
Personnel d'encadrement du transport routier;Intervention technique d'exploitation des transports routiers de personnes
Personnel navigant du transport terrestre;Conduite sur rails
Personnel navigant du transport terrestre;Contrôle des transports en commun
Personnel sédentaire du transport ferroviaire et réseau filo guidé;Circulation du réseau ferré
Personnel sédentaire du transport ferroviaire et réseau filo guidé;Exploitation et manoeuvre des remontées mécaniques
Personnel sédentaire du transport ferroviaire et réseau filo guidé;Manoeuvre du réseau ferré
Communication;Communication écrite
Communication;Communication orale
Communication;Communication visuelle
Communication;Communication non verbale
Communication;Communication numérique
Travail en équipe;Intégration au groupe
Travail en équipe;Coordination de groupe
Travail en équipe;Rigueur et fiabilité
Travail en équipe;Empathie
Travail en équipe;Partage et réception de feedback
Gestion de conflit;Ecoute active
Gestion de conflit;Médiation
Gestion de conflit;Objectivité
Négociation;Influence et persuasion
Négociation;Persévérance
Négociation;Diplomatie
Leadership positif;Confiance en soi
Leadership positif;Responsabilité
Leadership positif;Autonomie
Leadership positif;Motivation et implication
Leadership positif;Mobilisation de réseau
Auto-évaluation;Introspection et réflexivité
Auto-évaluation;Ethique
Auto-évaluation;Contrôle de soi
Auto-évaluation;Fixation d’objectifs
Adaptabilité;Gestion de l’incertitude et du changement
Adaptabilité;Gestion du stress
Adaptabilité;Réactivité
Apprendre à apprendre;Apprentissage individuel
Apprendre à apprendre;Apprentissage collectif
Apprendre à apprendre;Ouverture socioculturelle
Apprendre à apprendre;Pédagogie
Compétences analytiques;Collecte et traitement de données
Compétences analytiques;Problématisation
Compétences analytiques;Analyse de l’information
Compétences analytiques;Synthèse de l’information
Compétences analytiques;Esprit critique
Créativité;Curiosité
Créativité;Imagination
Créativité;Esprit d’initiative
Résolution de problèmes;Organisation
Résolution de problèmes;Stratégie
Résolution de problèmes;Prise de décisions
Résolution de problèmes;Gestion du temps
Résolution de problèmes;Prise de conscience et de recul
Systèmes d'information et de télécommunication;Développement informatique web back-end
Systèmes d'information et de télécommunication;Développement informatique web front-end
Systèmes d'information et de télécommunication;Développement CMS
Systèmes d'information et de télécommunication;Développement mobile
Systèmes d'information et de télécommunication;Intégration logiciel
Systèmes d'information et de télécommunication;Ingénierie logiciel
Systèmes d'information et de télécommunication;DevOps
Systèmes d'information et de télécommunication;Architecture et urbanisation des SI
Systèmes d'information et de télécommunication;Virtualisation
Systèmes d'information et de télécommunication;Cyber sécurité
Systèmes d'information et de télécommunication;Développement iOT
Systèmes d'information et de télécommunication;Développement de systèmes embarqués
Systèmes d'information et de télécommunication;Ingénierie cloud et architecture
Systèmes d'information et de télécommunication;Administration de base de données
Systèmes d'information et de télécommunication;Développement informatique ERP
Systèmes d'information et de télécommunication;Data Scientist
Systèmes d'information et de télécommunication;Data Engineer
Systèmes d'information et de télécommunication;Data Analyst
Images et sons;Photographie
Images et sons;Réalisation vidéo
Images et sons;Sound design
Images et sons;Animation 3D
Images et sons;Motion design
Images et sons;Voix off
Images et sons;Montage vidéo
Images et sons;Retouche vidéo / photo
Images et sons;Ingénierie du son
Publicité;Relation presse
Publicité;Gestion des partenariats
Publicité;Content management
Publicité;Social media management
Publicité;Community management
Publicité;Brand management
Publicité;Planification stratégique
Publicité;Planification de médias
Edition et communication;Rédaction web
Edition et communication;Rédaction
Conception, recherche, études et développement;Ingénierie robotique
Conception, recherche, études et développement;Modélisation 3D
Stratégie commerciale, marketing et supervision des ventes;Marketing relationnel / CRM
Stratégie commerciale, marketing et supervision des ventes;SEO
Stratégie commerciale, marketing et supervision des ventes;Traffic management
Stratégie commerciale, marketing et supervision des ventes;Growth hacking
Stratégie commerciale, marketing et supervision des ventes;Revenue management
Stratégie commerciale, marketing et supervision des ventes;Marchandising web
Stratégie commerciale, marketing et supervision des ventes;Conversion Rate Optimization
Stratégie commerciale, marketing et supervision des ventes;Web Analytics
Ressources humaines;Recrutement
Secrétariat et assistance;Office manager
Organisation et études;Business intelligence
Systèmes d'information et de télécommunication;RGPD / DPO
Systèmes d'information et de télécommunication;ERP
Organisation et études;Gestion des opérations
Organisation et études;Stratégie digitale
Organisation et études;Lean management
Organisation et études;Gestion de projet digital
Organisation et études;Gestion de projet mobile
Organisation et études;Product management
Organisation et études;Gestion de projet scrum
Organisation et études;Coaching agile
Organisation et études;Gestion de projet SI
Edition et communication;Graphisme
Edition et communication;Illustration graphique
Edition et communication;Direction artistique
Organisation et études;Web design
Organisation et études;UX design
Organisation et études;UI design
